{"cameraMode":{"drawMode":0,"name":"Shaded","section":"Shading Mode"},"sceneLighting":true,"audioPlay":false,"sceneViewState":{"m_AlwaysRefresh":false,"showFog":true,"showSkybox":true,"showFlares":true,"showImageEffects":true,"showParticleSystems":true,"showVisualEffectGraphs":true,"m_FxEnabled":true},"in2DMode":false,"pivot":{"x":-66.64741516113281,"y":11.970373153686524,"z":-27.496349334716798},"rotation":{"x":-0.011068223044276238,"y":-0.9805361032485962,"z":0.05741463601589203,"w":-0.18759861588478089},"size":1.5225577354431153,"orthographic":false}