{"cameraMode":{"drawMode":0,"name":"Shaded","section":"Shading Mode"},"sceneLighting":true,"audioPlay":false,"sceneViewState":{"m_AlwaysRefresh":false,"showFog":true,"showSkybox":true,"showFlares":true,"showImageEffects":true,"showParticleSystems":true,"showVisualEffectGraphs":true,"m_FxEnabled":true},"in2DMode":false,"pivot":{"x":10.56949234008789,"y":22.790748596191408,"z":43.79999923706055},"rotation":{"x":-0.08709181845188141,"y":0.24510568380355836,"z":0.022203626111149789,"w":0.965347170829773},"size":28.85960578918457,"orthographic":false}